Espacio,Producto,Cantidad
ESTRATO ARBÓREO,"BAC - CASA E / Fraxinus uhdei  - Fresno mexicano de 500-550 cm de altura, tronco de 10 cm, cepellón de 90 cm","1,0"
ESTRATO ARBÓREO,"BAC - CASA E / Fraxinus velutina - Fresno velutina de 500-550 cm de altura, tronco de 10 cm, cepellón de 90 cm","1,0"
ESTRATO ARBÓREO,"BAC - CASA E / Leucaena leucocephala  - Guaje de 400 cm de altura, tronco de 10 cm, cepellón de 100 cm","2,0"
ESTRATO ARBÓREO,"BAC - CASA E / Luma apiculata - Arrayán de 250-300 cm de altura, tronco de 4-5 cm, cepellón de 60 cm","3,0"
ESTRATO ARBÓREO,"BAC - CASA E / Luma apiculata - Arrayán de 500 - 600 cm de altura, tronco de 4-5 cm, cepellón de 60 cm","1,0"
ESTRATO ARBÓREO,"BAC - CASA E / Lysiloma acapulcense - Tepehuaje de 400 cm de altura, tronco de 15 cm, cepellón de 60 cm","2,0"
ESTRATO ARBÓREO,"BAC - CASA E / Parkinsonia aculeata  - Palo verde de 250-300 cm de altura, tronco de 4-6 cm, cepellón de 80 cm","4,0"
ESTRATO ARBÓREO,"BAC - CASA E / Persea americana - Aguacate de 120 cm de altura, tronco de 4-6 cm, cepellón de 35 cm","2,0"
ESTRATO ARBÓREO,"BAC - CASA E / Pithecellobium dulce - Guamuchil de 500 cm de altura, tronco de 5 cm, cepellón de 60 cm","2,0"
ESTRATO ARBÓREO,"BAC - CASA E / Psidium cattleianum - Guayabo fresa de 300 cm de altura, tronco de 4-6 cm, cepellón de 40 cm","2,0"
ESTRATO ARBÓREO,"BAC - CASA E / Punica granatum - Granado de 150 cm de altura, tronco de  cm, cepellón de 35 cm","3,0"
ESTRATO ARBÓREO,"BAC - CASA E / Citrus aurantifolia - Lima de 160 cm de altura, tronco de 4-6 cm, cepellón de 35 cm","2,0"
ESTRATO ARBÓREO,"BAC - CASA E / Citrus reticulata - Mandarino de 160 cm de altura, tronco de 4-6 cm, cepellón de 35 cm","3,0"
ESTRATO ARBÓREO,"BAC - CASA E / Citrus sinensis - Naranjo de 160 cm de altura, tronco de 4-6 cm, cepellón de 35 cm","2,0"
ESTRATO ARBÓREO,"BAC - CASA E / Albizia occidentalis  - Palo blanco de 250-300 cm de altura, tronco de 4-6 cm, cepellón de 80 cm","1,0"
ESTRATO ARBÓREO,"BAC - CASA E / Ipomea arborescens - Cazahuate de 200 cm de altura, tronco de 4-6 cm, cepellón de 50 cm","1,0"
ESTRATO ARBÓREO,"BAC - CASA E / Buddleja cordata  - Tepozan de 250 cm de altura, tronco de 4-6 cm, cepellón de 50 cm","2,0"
ESTRATO ARBÓREO,"BAC - CASA E / Bursera copallifera  - Copal de 250 cm de altura, tronco de 4-6 cm, cepellón de 50 cm","5,0"
ESTRATO ARBÓREO,"BAC - CASA E / Cascabela peruviana - Fraile peruviana de 300 cm de altura, tronco de 4-6 cm, cepellón de 60 cm","1,0"
ESTRATO ARBÓREO,"BAC - CASA E / Vachellia farnesiana  - Huizache de 350-400 cm de altura, tronco de 3-5 cm, cepellón de 80 cm","1,0"
ESTRATO ARBÓREO,"BAC - CASA E / Eysenhardtia polystachya  - Palo dulce de 100 cm de altura, tronco de 2-3 cm, cepellón de 40 cm","5,0"
ESTRATO ARBÓREO,"BAC - CASA E / Ebanopsis ebano  - Ebano de 80 cm de altura, tronco de 4-6 cm, cepellón de 30 cm","2,0"
ESTRATO ARBÓREO,"BAC - CASA E / Casimiroa edulis  - Zapote blanco de 80 cm de altura, tronco de 2-3 cm, cepellón de 30 cm","1,0"
ESTRATO ARBÓREO,"BAC - CASA E / Ehretia latifolia  - Capulin blanco de 80 cm de altura, tronco de 2-3 cm, cepellón de 30 cm","1,0"
ESTRATO ARBÓREO,"BAC - CASA E / Schinus molle - Pirul de 250-300 cm de altura, tronco de 4-5 cm, cepellón de 60 cm","1,0"
ESTRATO ARBÓREO,"BAC - CASA E / Plumeria rubra - Flor de mayo de 200-250 cm de altura, tronco de 4-5 cm, cepellón de 60 cm","2,0"
ESTRATO ARBÓREO,"BAC - CASA E / Morus celtidifolia - Pirul de 100-150 cm de altura, tronco de 4-5 cm, cepellón de 60 cm","1,0"
ESTRATO ARBÓREO,"BAC - CASA E / Annona cherimola - Chirimoya de 100-150 cm de altura, tronco de 4-5 cm, cepellón de 60 cm","2,0"
ESTRATO ARBÓREO,"BAC - CASA E / Ceiba aesculifolia - Pochote de 120 cm de altura, tronco de < 4 cm","1,0"
ESTRATO ARBUSTIVO,"BAC - CASA E / Lantana camara - Lantana de 20 cm de altura , cepellón de 18 cm","50,0"
ESTRATO ARBUSTIVO,"BAC - CASA E / Nolina longifolia - Borracho de 35 cm de altura , cepellón de 35 cm","10,0"
ESTRATO ARBUSTIVO,"BAC - CASA E / Salvia coccinea - Salvia escarlata de 20 cm de altura , cepellón de 15 cm","95,0"
ESTRATO ARBUSTIVO,"BAC - CASA E / Salvia mexicana  - Tlacote  de 20 cm de altura , cepellón de 18 cm","15,0"
ESTRATO ARBUSTIVO,"BAC - CASA E / Salvia microphylla - Mirto blanco y rojo de 20 cm de altura , cepellón de 18 cm","105,0"
ESTRATO ARBUSTIVO,"BAC - CASA E / Salvia reptans - Cobalto de 20 cm de altura, cepellón de 18 cm / CAMBIAR POR SALVIA PATENS","105,0"
ESTRATO ARBUSTIVO,"BAC - CASA E / Baccharis conferta  - Escobilla de 100 cm de altura, tronco de 2-3 cm, cepellón de 50 cm","10,0"
ESTRATO ARBUSTIVO,"BAC - CASA E / Morkillia mexicana - Flor de San Juan de 80 cm de altura, cepellón de 18 cm","3,0"
ESTRATO ARBUSTIVO,"BAC - CASA E / Rhus pachyrrachis  - Lantrisco de 60 cm de altura, tronco de 2-3 cm, cepellón de 30 cm","10,0"
ESTRATO ARBUSTIVO,"BAC - CASA E / Condea albida  - Salvia real de 15 cm de altura, tronco de 2-3 cm, cepellón de 18 cm / SE QUITA","6,0"
ESTRATO ARBUSTIVO,"BAC - CASA E / Dodonea viscosa  - Chapulixtle de 100 cm de altura, tronco de 2-3 cm, cepellón de 60 cm","15,0"
ESTRATO ARBUSTIVO,"BAC - CASA E / Lippia graveolens  - Pitiona de 20 cm de altura, cepellón de 18 cm","65,0"
ESTRATO ARBUSTIVO,"BAC - CASA E / Erythrina flabelliformis  - Patol de 50 cm de altura, cepellón de 18 cm","2,0"
ESTRATO ARBUSTIVO,"BAC - CASA E / Mimosa benthamii  - Espino herrero de 30 cm de altura, cepellón de 18 cm","2,0"
ESTRATO ARBUSTIVO,"BAC - CASA E / Montanoa tomentosa  - Zoapatle de 100 cm de altura, tronco de 2-3 cm, cepellón de 60 cm","17,0"
ESTRATO ARBUSTIVO,"BAC - CASA E / Salvia fulgens - Salvia fulgens de 20 cm de altura, cepellón de 18 cm","30,0"
ESTRATO ARBUSTIVO,"BAC - CASA E / Salvia concolor - Salvia azul de montaña de 20 cm de altura, cepellón de 18 cm","15,0"
ESTRATO ARBUSTIVO,BAC - CASA E / Barkleyanthus salicifolius - Jarilla de 50-100 cm de altura,"25,0"
ESTRATO ARBUSTIVO,"BAC - CASA E / Zaluzania augusta - Zaluzania de 50 cm de altura, cepellón de 18 cm","10,0"
ESTRATO ARBUSTIVO,"BAC - CASA E / Jatropha neopauciflora - Sangre de grado de 50 cm de altura, cepellón de 18 cm / SE CAMBIA","3,0"
ESTRATO ARBUSTIVO,"BAC - CASA E / Brongniartia lupinoides - Jaboncillo de 40 cm de altura, cepellón de 18 cm","3,0"
ESTRATO ARBUSTIVO,"BAC - CASA E / Choisya ternata - Naranjo mexicano de 50 cm de altura, cepellón de 18 cm","3,0"
ESTRATO ARBUSTIVO,"BAC - CASA E / Vitex agnus-castus - Sauzgatillo de 50 cm de altura, cepellón de 18 cm","7,0"
ESTRATO HERBÁCEO,"BAC - CASA E / Ageratina adenophora - Palo negro de 20 cm de altura , cepellón de 15 cm","145,0"
ESTRATO HERBÁCEO,"BAC - CASA E / Ascelpias linaria - Pinillo  de 20 cm de altura , cepellón de 18 cm","60,0"
ESTRATO HERBÁCEO,"BAC - CASA E / Ascelpias linaria - Pinillo  de 40 cm de altura , cepellón de 18 cm","55,0"
ESTRATO HERBÁCEO,"BAC - CASA E / Liriope muscari - Liriope verde de 15 cm de altura , cepellón de 18 cm","100,0"
ESTRATO HERBÁCEO,"BAC - CASA E / Muhlenbergia capillaris - Pasto rosa de 20 cm de altura , cepellón de 18 cm","215,0"
ESTRATO HERBÁCEO,"BAC - CASA E / Nassella tenuissima - Stipa de 15 cm de altura , cepellón de 10 cm","120,0"
ESTRATO HERBÁCEO,Semillas Tagetes lucida (1000),"3,0"
ESTRATO HERBÁCEO,"BAC - CASA E / Verbena bonariensis - Verbena argentina de 20 cm de altura, cepellón de 18 cm","100,0"
ESTRATO HERBÁCEO,"BAC - CASA E / Loeselia mexicana - Espinosilla de 20 cm de altura, cepellón de 18 cm","100,0"
ESTRATO HERBÁCEO,"BAC - CASA E / Oenothera lindheimeri - Gaura de 20 cm de altura, cepellón de 18 cm","100,0"
ESTRATO HERBÁCEO,"BAC - CASA E / Chrysactinia mexicana - Damianita de 20 cm de altura, cepellón de 18 cm","100,0"
ESTRATO HERBÁCEO,"BAC - CASA E / Salvia clevelandii - Mirto peninsular de 20 cm de altura, cepellón de 18 cm","100,0"
ESTRATO HERBÁCEO,"BAC - CASA E / Andropogon bicornis - Barbas de indio de 20 cm de altura, cepellón de 18 cm / SE CAMBIA","80,0"
ESTRATO HERBÁCEO,"BAC - CASA E / Bouteloua gracilis - Bouteloua de 20 cm de altura, cepellón de 18 cm","80,0"
ESTRATO HERBÁCEO,"BAC - CASA E / Artemisia absinthium - Ajenjo de 20 cm de altura, cepellón de 18 cm","6,0"
ESTRATO HERBÁCEO,"BAC - CASA E / Verbena hastata - Verbena azul de 20 cm de altura, cepellón de 18 cm","15,0"
ESTRATO HERBÁCEO,"BAC - CASA E / Achillea millefolium - Milenrama de 20 cm de altura, cepellón de 18 cm","15,0"
ESTRATO HERBÁCEO,"BAC - CASA E / Penstemon isophyllus - Penstemon de 20 cm de altura, cepellón de 18 cm","15,0"
ESTRATO HERBÁCEO,BAC - CASA E / Mentha piperita - Menta de 20 cm de altura,"8,0"
ESTRATO HERBÁCEO,BAC - CASA E / Thymus vulgaris - Tomillo de 15 cm de altura,"20,0"
ESTRATO XERO,"BAC - CASA E / Agave americana var. americana - Agave americana verde de 70 cm de altura , cepellón de 40 cm","3,0"
ESTRATO XERO,"BAC - CASA E / Agave attenuata  - Agave  de 50-60 cm de altura , cepellón de 35 cm","4,0"
ESTRATO XERO,"BAC - CASA E / Agave salmiana  - Agave pulquero de 70-80 cm de altura , cepellón de 35 cm","3,0"
ESTRATO XERO,"BAC - CASA E / Myrtillocactus geometrizans - Garambullo de 100 cm de altura , cepellón de 35 cm","5,0"
ESTRATO XERO,"BAC - CASA E / Opuntia ficus indica  - Nopal de 160 cm de altura , cepellón de 35 cm","1,0"
ESTRATO XERO,"BAC - CASA E / Yucca queretaroensis  - Izote estoquillo de 100 cm de altura , cepellón de 40 cm","5,0"
ESTRATO XERO,"BAC - CASA E / Stenocereus queretaroensis - Pitayo de 150 cm de altura , cepellón de 35 cm","4,0"
ESTRATO XERO,"BAC - CASA E / Stenocereus queretaroensis - Pitayo de 80-100 cm de altura , cepellón de 35 cm","3,0"
ESTRATO XERO,"BAC - CASA E / Agave vilmoriniana - Agave pulpo de 70 cm de altura, cepellón de 35 cm","4,0"
ESTRATO XERO,"BAC - CASA E / Dasylirion glaucophyllum - Sotol de Hidalgo de 130 cm de altura, cepellón de 50 cm","1,0"
ESTRATO XERO,"BAC - CASA E / Opuntia leucotricha - Nopal blanco de 140 cm de altura, cepellón de 35 cm","3,0"
ESTRATO XERO,"BAC - CASA E / Opuntia robusta - Nopal camueso de 140 cm de altura, cepellón de 35 cm","3,0"
ESTRATO XERO,"BAC - CASA E / Opuntia karwinskiana - Nopal silvestre de 80 cm de altura, cepellón de 35 cm","3,0"
ESTRATO XERO,"BAC - CASA E / Pachycereus pecten-aboriginum - Cardón de 150 cm de altura, cepellón de 35 cm","4,0"
ESTRATO XERO,"BAC - CASA E / Yucca filifera - Yuca de fibra de 200 cm de altura, cepellón de 50 cm","1,0"
ESTRATO XERO,"BAC - CASA E / Yucca rostrata - Yuca picuda de 200 cm de altura, cepellón de 50 cm","2,0"
ESTRATO XERO,"BAC - CASA E / Yucca rostrata - Yuca picuda de 200 cm de altura, cepellón de 50 cm","1,0"
ESTRATO XERO,"BAC - CASA E / Hesperaloe parviflora - Yuca roja de 10 cm de altura, cepellón de 18 cm","10,0"
ESTRATO XERO,"BAC - CASA E / Euphorbia rossiana - Candelilla de 80 cm de altura, cepellón de 40 cm","3,0"
ESTRATO XERO,"BAC - CASA E / Euphorbia rossiana - Candelilla de 80 cm de altura, cepellón de 40 cm","1,0"
SUSTRATO,"Camión de sustrato (compuesto de tierra lama ,Composta champiñón , hojarasca, tezontle) 14 m3  (SMA)","4,0"
SUSTRATO,Camión de mulch 14 m3 (SMA),"2,0"
SUSTRATO,Camión de tezontle 14 m3 (SMA),"1,0"
SUSTRATO,Fertilización y enraizador,"1,0"